{"icao":"3b7b73",
"r":"F-ZBEG",
"t":"CL2T",
"dbFlags":1,"desc":"Canadair CL-415 SuperScooper",
"version": "readsb 3.14.1676 46c61ff-dirty",
"timestamp": 1783953462.623,
"trace":[ 
[0.00,45.645624,3.864297,8475,null,null,1,-192,{"type":"mlat","flight":"PELIC39 ","ias":246,"mach":0.516,"mag_heading":337.32,"true_heading":338.66,"baro_rate":-192,"geom_rate":32,"squawk":"7076","nav_qnh":1013.0,"nav_altitude_mcp":18000,"nic":0,"rc":0,"alert":0,"spi":0},"mlat",null,32,246,null],
[23.73,45.663552,3.856650,8475,null,null,1,-216,null,"mlat",null,null,null,null],
[35.32,45.675362,3.851764,8550,null,null,0,376,null,"mlat",null,null,null,null],
[68.06,45.700012,3.840364,8500,null,null,1,-136,null,"mlat",null,null,null,null],
[74.78,45.704889,3.838161,8525,170.0,null,0,-112,{"type":"mlat","flight":"PELIC39 ","baro_rate":-112,"squawk":"7076","nav_qnh":1013.0,"nav_altitude_mcp":18000,"nic":0,"rc":0,"alert":0,"spi":0},"mlat",null,null,null,null],
[82.33,45.711771,3.836006,8500,178.0,null,0,0,null,"mlat",null,null,null,null],
[86.50,45.716081,3.834321,8475,184.0,null,0,-24,null,"mlat",null,null,null,null],
[89.31,45.717704,3.833646,8475,187.0,null,0,-48,null,"mlat",null,null,null,null],
[96.41,45.723490,3.830194,8475,193.0,null,0,-128,{"type":"mlat","flight":"PELIC39 ","baro_rate":-128,"squawk":"7076","nav_qnh":1013.0,"nav_altitude_mcp":18000,"nic":0,"rc":0,"alert":0,"spi":0},"mlat",null,null,null,null],
[99.01,45.725834,3.828536,8475,195.0,null,0,-96,null,"mlat",null,null,null,null],
[102.87,45.726967,3.827040,8475,190.0,null,0,-88,null,"mlat",null,null,null,null],
[107.39,45.731434,3.825070,8500,191.0,null,0,80,null,"mlat",null,null,null,null],
[109.33,45.733101,3.823973,8525,191.0,null,0,80,{"type":"mlat","flight":"PELIC39 ","baro_rate":80,"squawk":"7076","nav_qnh":1013.0,"nav_altitude_mcp":18000,"nic":0,"rc":0,"alert":0,"spi":0},"mlat",null,null,null,null],
[116.61,45.738773,3.820553,8525,197.0,null,0,152,null,"mlat",null,null,null,null],
[118.32,45.739771,3.820932,8550,190.0,null,0,176,null,"mlat",null,null,null,null],
[122.51,45.744622,3.819487,8550,187.0,null,0,176,null,"mlat",null,null,null,null],
[127.28,45.747672,3.818006,8550,185.0,null,0,160,{"type":"mlat","flight":"PELIC39 ","baro_rate":160,"squawk":"7076","nav_qnh":1013.0,"nav_altitude_mcp":18000,"nic":0,"rc":0,"alert":0,"spi":0},"mlat",null,null,null,null],
[130.64,45.749710,3.815891,8550,183.0,null,0,112,null,"mlat",null,null,null,null],
[135.38,45.754114,3.814778,8575,181.0,null,0,120,null,"mlat",null,null,null,null],
[137.55,45.755213,3.813779,8575,181.0,null,0,128,null,"mlat",null,null,null,null],
[140.68,45.759005,3.812275,8600,181.0,null,0,120,{"type":"mlat","flight":"PELIC39 ","baro_rate":120,"squawk":"7076","nav_qnh":1013.0,"nav_altitude_mcp":18000,"nic":0,"rc":0,"alert":0,"spi":0},"mlat",null,null,null,null],
[144.55,45.761955,3.811545,8600,182.0,null,0,136,null,"mlat",null,null,null,null],
[147.17,45.762620,3.810642,8575,181.0,null,0,128,null,"mlat",null,null,null,null],
[150.55,45.765681,3.809509,8575,180.0,null,0,88,null,"mlat",null,null,null,null],
[153.23,45.768001,3.808756,8575,179.0,null,0,80,{"type":"mlat","flight":"PELIC39 ","baro_rate":80,"squawk":"7076","nav_qnh":1013.0,"nav_altitude_mcp":18000,"nic":0,"rc":0,"alert":0,"spi":0},"mlat",null,null,null,null],
[158.62,45.769637,3.807614,8550,172.0,null,0,80,null,"mlat",null,null,null,null],
[161.73,45.773316,3.806516,8550,170.0,null,0,-184,null,"mlat",null,null,null,null],
[166.33,45.777691,3.805552,8525,168.0,null,0,-200,null,"mlat",null,null,null,null],
[171.37,45.781329,3.803706,8525,168.0,null,0,-144,{"type":"mlat","flight":"PELIC39 ","baro_rate":-144,"squawk":"7076","nav_qnh":1013.0,"nav_altitude_mcp":18000,"nic":0,"rc":0,"alert":0,"spi":0},"mlat",null,null,null,null],
[172.72,45.785073,3.802936,8525,173.0,null,0,-128,null,"mlat",null,null,null,null],
[176.30,45.787939,3.801844,8550,180.0,null,0,-32,null,"mlat",null,null,null,null],
[178.03,45.788905,3.801145,8550,182.0,null,0,-16,{"type":"mlat","flight":"PELIC39 ","baro_rate":-16,"squawk":"7076","nav_qnh":1013.0,"nav_altitude_mcp":18000,"nic":0,"rc":0,"alert":0,"spi":0},"mlat",null,null,null,null],
[179.78,45.792832,3.800378,8525,187.0,null,0,0,null,"mlat",null,-32,247,null],
[182.74,45.795029,3.799748,8525,191.0,null,0,0,null,"mlat",null,-32,247,null],
[185.81,45.798577,3.798516,8500,200.0,null,0,0,null,"mlat",null,-32,247,null],
[191.56,45.803296,3.796747,8500,205.0,null,0,0,{"type":"mlat","flight":"PELIC39 ","ias":247,"mach":0.520,"mag_heading":337.85,"true_heading":340.32,"baro_rate":0,"geom_rate":-32,"squawk":"7076","nav_qnh":1013.0,"nav_altitude_mcp":18000,"nic":0,"rc":0,"alert":0,"spi":0},"mlat",null,-32,247,null],
[195.62,45.804948,3.795533,8475,206.0,null,0,-152,null,"mlat",null,-32,247,null],
[197.52,45.803600,3.795433,8500,199.0,null,0,32,null,"mlat",null,-32,247,null],
[199.71,45.806063,3.794286,8500,196.0,null,0,32,null,"mlat",null,-32,247,null],
[201.81,45.807415,3.793582,8500,192.0,null,0,32,{"type":"mlat","flight":"PELIC39 ","ias":247,"mach":0.520,"mag_heading":337.85,"true_heading":340.32,"baro_rate":32,"geom_rate":-32,"squawk":"7076","nav_qnh":1013.0,"nav_altitude_mcp":18000,"nic":0,"rc":0,"alert":0,"spi":0},"mlat",null,-32,247,null],
[208.75,45.814179,3.790403,8525,186.0,null,0,32,null,"mlat",null,-32,247,null],
[212.32,45.817186,3.789560,8525,186.0,null,0,96,null,"mlat",null,-32,247,null],
[215.29,45.819750,3.788578,8525,186.0,null,0,136,null,"mlat",null,-32,247,null],
[219.18,45.821702,3.787152,8525,183.0,null,0,96,{"type":"mlat","flight":"PELIC39 ","ias":247,"mach":0.520,"mag_heading":337.85,"true_heading":340.32,"baro_rate":96,"geom_rate":-32,"squawk":"7076","nav_qnh":1013.0,"nav_altitude_mcp":18000,"nic":0,"rc":0,"alert":0,"spi":0},"mlat",null,-32,247,null],
[221.53,45.822606,3.787649,8525,179.0,null,0,80,null,"mlat",null,-32,247,null],
[226.42,45.824014,3.786534,8500,169.0,null,0,-8,null,"mlat",null,-32,247,null],
[229.69,45.829712,3.784957,8475,166.0,null,0,-96,null,"mlat",null,-32,247,null],
[237.49,45.836251,3.782561,8475,164.0,null,0,-192,{"type":"mlat","flight":"PELIC39 ","ias":247,"mach":0.520,"mag_heading":337.85,"true_heading":340.32,"baro_rate":-192,"geom_rate":-32,"squawk":"7076","nav_qnh":1013.0,"nav_altitude_mcp":18000,"nic":0,"rc":0,"alert":0,"spi":0},"mlat",null,-32,247,null],
[246.10,45.846845,3.780433,8500,175.0,null,0,0,null,"mlat",null,0,247,null],
[253.28,45.849947,3.777049,8550,171.0,null,0,0,null,"mlat",null,0,247,null],
[266.18,45.875785,3.771299,8625,189.0,null,0,352,null,"mlat",null,0,247,null],
[272.92,45.876747,3.769400,8650,194.0,null,0,272,{"type":"mlat","flight":"PELIC39 ","ias":247,"mach":0.520,"mag_heading":338.20,"true_heading":340.66,"baro_rate":272,"geom_rate":0,"squawk":"7076","nav_qnh":1013.0,"nav_altitude_mcp":18000,"nic":0,"rc":0,"alert":0,"spi":0},"mlat",null,0,247,null],
[278.43,45.872605,3.768038,8600,195.0,null,0,160,null,"mlat",null,0,247,null],
[284.76,45.878019,3.765988,8550,197.0,null,0,-128,null,"mlat",null,0,247,null],
[290.72,45.875655,3.764349,8500,194.0,null,0,-32,null,"mlat",null,-64,247,null],
[296.78,45.884396,3.761862,8475,185.0,null,0,-32,{"type":"mlat","flight":"PELIC39 ","ias":247,"mach":0.520,"mag_heading":337.68,"true_heading":340.13,"baro_rate":-32,"geom_rate":-64,"squawk":"7076","nav_qnh":1013.0,"nav_altitude_mcp":18000,"nic":0,"rc":0,"alert":0,"spi":0},"mlat",null,-64,247,null],
[303.34,45.891011,3.759737,8450,185.0,null,0,-360,null,"mlat",null,-64,247,null],
[313.19,45.904408,3.756571,8425,186.0,null,0,-240,null,"mlat",null,-64,247,null],
[319.66,45.907795,3.754065,8400,187.0,null,0,-184,null,"mlat",null,-64,247,null],
[324.46,45.913790,3.753358,8375,190.0,null,0,-152,{"type":"mlat","flight":"PELIC39 ","ias":247,"mach":0.520,"mag_heading":337.68,"true_heading":340.13,"baro_rate":-152,"geom_rate":-64,"squawk":"7076","nav_qnh":1013.0,"nav_altitude_mcp":18000,"nic":0,"rc":0,"alert":0,"spi":0},