{"icao":"3b7b9f","r":"F-ZBPL","t":"EC45","dbFlags":1,"desc":"Airbus Helicopters EC-145","version":"readsb 3.14.1676 46c61ff-dirty","timestamp":1784409989.865,"trace":[[0,47.744614,-3.45108,875,124.1,182.3,5,0,{"type":"adsb_icao","flight":"DRAGO56 ","alt_geom":1200,"track":182.31,"geom_rate":0,"category":"A7","nic":0,"rc":0,"version":0,"nac_p":0,"nac_v":2,"sil":0,"sil_type":"perhour","alert":0,"spi":0},"adsb_icao",1200,0,null,null],[27.16,47.729032,-3.452031,875,125.1,182.3,5,0,null,"adsb_icao",1200,0,null,null],[39.43,47.721954,-3.452454,875,125.1,182.3,4,0,null,"adsb_icao",1200,0,null,null],[55.21,47.712891,-3.453003,875,125.1,182.3,5,0,null,"adsb_icao",1200,0,null,null],[71.05,47.70369,-3.453484,875,124.1,182.3,5,0,{"type":"adsb_icao","alt_geom":1200,"track":182.31,"geom_rate":0,"category":"A7","nic":8,"rc":186,"version":2,"nac_v":2,"sil_type":"perhour","alert":0,"spi":0},"adsb_icao",1200,0,null,null],[92.06,47.69165,-3.454102,875,125.1,181.8,5,0,null,"adsb_icao",1200,0,null,null],[92.54,47.691325,-3.454144,875,125.1,181.8,4,0,null,"adsb_icao",1200,0,null,null],[129.76,47.669632,-3.4552,875,125.1,181.8,5,0,null,"adsb_icao",1200,0,null,null],[134.94,47.666652,-3.455271,825,124,180.9,4,-192,{"type":"adsb_icao","alt_geom":1175,"track":180.92,"geom_rate":-192,"squawk":"7014","category":"A7","nic":8,"rc":186,"version":2,"nic_baro":1,"nac_p":10,"nac_v":2,"sil":3,"sil_type":"perhour","gva":2,"sda":2,"alert":0,"spi":0},"adsb_icao",1175,-192,null,null],[144.47,47.661624,-3.455341,825,124,180.9,4,-192,null,"adsb_icao",1175,-192,null,null]]}